brisk bison,frosty vulture,8
flinty heron,cobalt anteater,13
curious eagle,sly cricket,2
cobalt porcupine,breezy trout,20
velvet python,misty cricket,11
scarlet capybara,cosmic dolphin,17
spruce horse,whimsical crane,15
cotton sparrow,urban capybara,10
polished rat,stormy vulture,20
granite hedgehog,snug frog,4
silken anteater,swift finch,16
maple ray,cotton sparrow,2
nimble crow,cotton borzoi,4
polished kite,curious eagle,3
stormy vulture,granite hedgehog,20
silken moose,shady porcupine,2
silver crow,snug alpaca,2
cosmic dolphin,curious fox,11
verdant toad,ember ram,7
snug alpaca,stormy firefly,18
gentle iguana,cobalt porcupine,1
fabled ant,polished kite,4
ivory walrus,silken anteater,14
velvet borzoi,scarlet leopard,20
urban heron,jaunty condor,13
cobalt anteater,nimble crow,13
sly cricket,plucky ant,2
urban horse,rusty bison,14
plucky ant,velvet python,13
crimson ray,silver crow,4
stout tiger,shimmering wombat,9
jaunty condor,nimble jaguar,15
stormy rook,onyx rat,5
cotton borzoi,urban horse,20
dusky badger,verdant toad,19
plucky koala,brave weasel,19
shire eagle,plucky koala,10
swift chameleon,flinty heron,10
misty cricket,sunny sparrow,3
shady porcupine,maple ray,15
dusky donkey,gentle iguana,4
stormy firefly,swift chameleon,2
urban capybara,tidy cat,20
velvet hippo,crimson ray,3
shire boar,maple ram,2
brave weasel,granite firefly,14
tropic dragonfly,ambered moth,7
nimble jaguar,polished rat,14
sly spider,fabled ant,19
snug frog,snug hedgehog,11
snug hedgehog,sunny crane,1
curious fox,tropic dragonfly,19
whimsical crane,brisk bison,6
sunny sparrow,silken moose,5
ember ram,stormy rook,19
ambered moth,dusky donkey,4
breezy trout,dusky badger,3
swift finch,spruce horse,20
scarlet leopard,flinty koala,20
shimmering wombat,ivory walrus,12
frosty vulture,ember donkey,5
maple ram,shire eagle,5
sunny crane,scarlet capybara,15
rusty bison,velvet borzoi,8
flinty koala,breezy elk,1
ember donkey,shire boar,2
onyx rat,stout tiger,17
tidy cat,velvet hippo,14
breezy elk,urban heron,15
ambered moth,urban horse,7
breezy elk,cobalt porcupine,12
breezy trout,tidy cat,11
brisk bison,curious fox,13
cotton borzoi,whimsical crane,15
cotton sparrow,polished kite,5
fabled ant,shire eagle,19
flinty heron,plucky koala,20
gentle iguana,plucky ant,1
granite hedgehog,cobalt anteater,8
ivory walrus,cotton borzoi,19
maple ram,dusky donkey,10
nimble jaguar,cobalt anteater,11
plucky ant,ember donkey,8
polished kite,cobalt anteater,9
rusty bison,ember ram,6
rusty bison,sunny crane,15
shimmering wombat,sunny sparrow,4
shire boar,velvet python,14
silken moose,dusky donkey,1
sly spider,gentle iguana,1
sly spider,scarlet leopard,8
snug alpaca,misty cricket,8
snug hedgehog,onyx rat,11
spruce horse,velvet borzoi,8
swift chameleon,urban capybara,15
tidy cat,snug alpaca,10
tropic dragonfly,snug frog,12
urban heron,cobalt anteater,7
urban horse,sunny sparrow,11
whimsical crane,sunny crane,20
